keys,en,context
"%d 件",,"src/ui/warehouse_screen.gd:161, src/ui/warehouse_screen.gd:162"
"%s · %s",,"src/ui/components/main_menu_entry.gd:25"
"%s拍 %s",,"src/ui/battle_screen.gd:2001"
"%s链接待配置",,"src/ui/components/boot_menu_controller.gd:95"
"%s链接打开失败",,"src/ui/components/boot_menu_controller.gd:99"
"0 件",,"src/ui/warehouse_screen.tscn:106, src/ui/warehouse_screen.tscn:144"
"0.5点",,"src/ui/battle_screen.gd:4354"
"1点",,"src/ui/battle_screen.gd:4354"
"2点",,"src/ui/battle_screen.gd:4354"
"3点",,"src/ui/battle_screen.gd:4354"
"4点",,"src/ui/battle_screen.gd:4354"
"82 年的法力药水",,"src/battle/item_catalog.gd:665"
"82 年的生命药水",,"src/battle/item_catalog.gd:659"
"<<< 返回",,"src/ui/hero_gallery_screen.gd:154, src/ui/item_gallery_screen.gd:156, src/ui/effect_gallery_screen.tscn:278"
"Discord 链接待配置",,"src/ui/boot_screen.tscn:1020"
"ESC 返回",,"src/ui/profile_screen.gd:308"
"L 框文字与留白",,"src/ui/battle_screen.gd:4308"
"M 框文字与留白",,"src/ui/battle_screen.gd:4305"
"QQ 链接待配置",,"src/ui/boot_screen.tscn:1062"
"S 框文字与留白",,"src/ui/battle_screen.gd:4301"
"Steam 链接待配置",,"src/ui/boot_screen.tscn:979"
"[outline_size=1][outline_color=#%s]【%s】[/outline_color][/outline_size]",,"src/ui/components/skill_card.gd:187"
"· %s ·",,"src/ui/components/mode_card.gd:62, src/ui/components/mode_card.gd:189"
"“请放心，我睡觉不打呼噜。”亢金【龙】如是说",,"src/battle/item_catalog.gd:642"
"← 返回",,"src/ui/profile_screen.tscn:41"
"。，、！？；：）》】」』〉］〕〗〙〛’”…—·+×÷％‰℃°.,!?;:%)]}",,"src/ui/effect_text_formatter.gd:34"
"一下",,"src/ui/battle_screen.gd:2664"
"一心只读圣贤书",,"src/battle/item_catalog.gd:651"
"一次攻击除了造成伤害，还额外触发的效果。额外触发只重复英雄技能；道具附带效果每次攻击最多结算一次。",,"src/ui/effect_gallery_screen.tscn:193"
"万剑归一，唯快不破",,"src/battle/item_catalog.gd:644"
"三十六计跑为上，三十七技回马枪 —— 星日【马】",,"src/battle/item_catalog.gd:669"
"上一个",,"src/ui/effect_gallery_screen.tscn:224, src/ui/hero_gallery_screen.tscn:171, src/ui/item_gallery_screen.tscn:198"
"上一页",,"src/ui/components/item_draft_popup.gd:94, src/ui/hero_gallery_screen.tscn:102, src/ui/item_gallery_screen.tscn:129"
"上等法力药水",,"src/battle/item_catalog.gd:433"
"上等生命药水",,"src/battle/item_catalog.gd:429"
"上限-1 / 费用-1",,"src/ui/battle_screen.gd:2376"
"下一个",,"src/ui/effect_gallery_screen.tscn:255, src/ui/hero_gallery_screen.tscn:202, src/ui/item_gallery_screen.tscn:229"
"下一件道具少消耗1点能量。",,"src/battle/item_catalog.gd:68"
"下一回合结束时，双方失去全部能量",,"src/ui/battle_screen.gd:5236"
"下一回合结束时，双方失去全部能量。",,"assets/data/heroes/h22.tres:13"
"下一页",,"src/ui/components/item_draft_popup.gd:95, src/ui/hero_gallery_screen.tscn:133, src/ui/item_gallery_screen.tscn:160"
"下回合可抽取道具",,"src/ui/battle_screen.gd:5274"
"下回合，敌方无法获得能量。",,"src/battle/item_catalog.gd:396"
"不动明王甲",,"src/battle/item_catalog.gd:451"
"不动明王甲：剩余%d次防御转甲",,"src/ui/battle_screen.gd:4740"
"不坠神言",,"assets/data/heroes/h08.tres:11"
"不死鸟的羽毛",,"src/battle/item_catalog.gd:421"
"不限制",,"src/ui/components/settings_panel.gd:554"
"个人资料",,"src/ui/profile_screen.gd:160, src/ui/profile_screen.tscn:49"
"临时抱佛脚",,"src/battle/item_catalog.gd:650"
"主动",,"src/ui/hero_gallery_screen.gd:552"
"乌骓【马】",,"assets/data/heroes/h19.tres:9"
"乌骓【马】攻击命中时，目标最多受到1点伤害；溢出伤害转移给生命最高的另一名存活敌方英雄。",,"assets/data/heroes/h19.tres:12"
"亢金【龙】",,"assets/data/heroes/h05.tres:9"
"亢金【龙】在队时，我方的「波」可以额外消耗1点能量，使伤害增加1点。",,"assets/data/heroes/h05.tres:13"
"亮闪闪",,"src/battle/item_catalog.gd:694"
"仅当我方没有其他可使用的道具时使用；本回合内，我方下一次攻击的总伤害增加2点。",,"src/battle/item_catalog.gd:590"
"从敌方出战英雄身上夺取1点护甲。",,"src/battle/item_catalog.gd:120"
"从本回合起，我方攻击的总伤害增加1点，若我方有一回合没有攻击，回合结束时出战英雄失去3点生命并结束此效果。",,"src/battle/item_catalog.gd:448"
"从自己的背包随机抽取1件普通道具，填入本物腾出的道具框并立即可用。",,"src/battle/item_catalog.gd:573"
"仓库",,"src/ui/main_menu.gd:202, src/ui/warehouse_screen.tscn:134"
"仓库为空",,"src/ui/warehouse_screen.tscn:171"
"代价",,"src/ui/battle_screen.gd:2396"
"代伤伞",,"src/battle/item_catalog.gd:334"
"价格 %s 金币",,"src/ui/item_gallery_screen.gd:720"
"价格 24,000 金币",,"src/ui/item_gallery_screen.tscn:408"
"会赢的",,"src/battle/item_catalog.gd:690"
"传说",,"src/ui/item_gallery_screen.gd:15, src/ui/codex_screen.tscn:649"
"传送卷轴",,"src/battle/item_catalog.gd:72"
"伤害",,"src/ui/battle_screen.gd:4355"
"你的路断了",,"src/battle/item_catalog.gd:693"
"使「波」额外造成1点伤害",,"src/ui/battle_screen.gd:5244"
"使我方出战英雄死亡；死亡结算成功后，选择我方一名未出战英雄，使其回复至生命上限并登场。本回合我方无法行动。",,"src/battle/item_catalog.gd:618"
"使敌方出战英雄获得3层毒素。",,"src/battle/item_catalog.gd:371"
"保价封",,"src/battle/item_catalog.gd:568"
"候阵签",,"src/battle/item_catalog.gd:230"
"借印佩",,"src/battle/item_catalog.gd:301"
"借命灯",,"src/battle/item_catalog.gd:539"
"假一赔十...前提是你还活着",,"src/battle/item_catalog.gd:662"
"偏锋甲",,"src/battle/item_catalog.gd:605"
"停龙剑",,"src/battle/item_catalog.gd:437"
"催用牌",,"src/battle/item_catalog.gd:593"
"先手",,"src/battle/item_catalog.gd:146"
"先手！在波波攒里！",,"src/battle/item_catalog.gd:634"
"免疫",,"src/ui/battle_screen.gd:2366, src/ui/battle_screen.gd:2574"
"免费切换（%s）",,"src/ui/battle_screen.gd:2027"
"入口",,"src/ui/components/main_menu_entry.gd:7"
"全屏窗口化",,"src/ui/components/settings_panel.gd:26"
"六爪阎罗",,"assets/data/heroes/h09.tres:11"
"关闭",,"src/ui/components/settings_panel.gd:551"
"净纹帚",,"src/battle/item_catalog.gd:613"
"凝血膏",,"src/battle/item_catalog.gd:347"
"出战",,"src/ui/battle_screen.gd:4355"
"分寸尺",,"src/battle/item_catalog.gd:387"
"分框视觉轴",,"src/ui/battle_screen.gd:4316"
"分痛木牌",,"src/battle/item_catalog.gd:222"
"分辨率",,"src/ui/components/settings_panel.gd:267"
"切换",,"src/ui/battle_screen.gd:8112, src/ui/components/hero_frame.gd:471"
"切换出战英雄",,"src/ui/battle_screen.gd:4599"
"力竭",,"src/ui/battle_screen.gd:2408"
"力量的代价",,"src/battle/item_catalog.gd:289"
"加入愿望单",,"src/ui/boot_screen.tscn:930"
"加时赛 · 巅峰 1v1",,"src/ui/battle_screen.gd:598"
"加时赛：选一人出战（满血·无技能无道具）",,"src/ui/battle_screen.gd:2651"
"劣质法力药水",,"src/battle/item_catalog.gd:180"
"劣质生命药水",,"src/battle/item_catalog.gd:167"
"十方无次第",,"assets/data/heroes/h04.tres:11"
"千里快哉风",,"assets/data/heroes/h07.tres:11"
"升级道具（3 选 1）",,"src/ui/battle_screen.gd:5788"
"单击自动转移 · 拖动精确放置",,"src/ui/warehouse_screen.tscn:182"
"印记",,"src/ui/battle_screen.gd:2354, src/ui/battle_screen.gd:2576"
"压阵坠",,"src/battle/item_catalog.gd:238"
"双方出战英雄失去全部护甲。",,"src/battle/item_catalog.gd:124"
"双方尚未触发的道具效果全部消失。",,"src/battle/item_catalog.gd:129"
"双生咒符",,"src/battle/item_catalog.gd:273"
"反制",,"src/ui/battle_screen.gd:2305"
"反噬",,"src/ui/battle_screen.gd:2328"
"取消",,"src/ui/components/item_draft_popup.gd:110"
"只失手过一次，那次对面是真的清白",,"src/battle/item_catalog.gd:640"
"台前拜三拜，血量多几百",,"src/battle/item_catalog.gd:660"
"合并双方当前能量，再平均分配。",,"src/battle/item_catalog.gd:548"
"后手",,"src/battle/item_catalog.gd:163"
"向这黑暗世界输送一丝光明！",,"src/battle/item_catalog.gd:635"
"吞尽八荒",,"assets/data/heroes/h24.tres:11"
"听匣筒",,"src/battle/item_catalog.gd:556"
"周天罡气",,"src/battle/item_catalog.gd:469"
"味道一般，疗效一般，贵的不一般",,"src/battle/item_catalog.gd:657"
"喵",,"src/ui/codex_screen.tscn:837"
"噬心钉",,"src/battle/item_catalog.gd:447"
"噬心钉：本回合必须攻击，否则失去3点生命",,"src/ui/battle_screen.gd:4755"
"噬铁虫",,"src/battle/item_catalog.gd:277"
"回合",,"src/ui/battle_screen.gd:4355"
"回合开始",,"src/ui/battle_screen.gd:1425"
"回流珠",,"src/battle/item_catalog.gd:621"
"回照镜",,"src/battle/item_catalog.gd:318"
"回购券",,"src/battle/item_catalog.gd:564"
"回购券：选择已使用的普通道具",,"src/ui/battle_screen.gd:5693"
"回锋鞘",,"src/battle/item_catalog.gd:242"
"回马枪",,"src/battle/item_catalog.gd:213"
"图鉴",,"src/ui/main_menu.gd:197"
"圣贤书",,"src/battle/item_catalog.gd:209"
"在遥远的第 40 个千年...",,"src/battle/item_catalog.gd:646"
"均能斗",,"src/battle/item_catalog.gd:547"
"坚固的护甲",,"src/battle/item_catalog.gd:310"
"垂直同步",,"src/ui/components/settings_panel.gd:270"
"声音",,"src/ui/components/settings_panel.gd:10"
"复苏石",,"src/battle/item_catalog.gd:133"
"夜明珠",,"src/battle/item_catalog.gd:495"
"夜明珠：剩余%d次切换触发",,"src/ui/battle_screen.gd:4759"
"大波",,"src/ui/battle_screen.gd:4354, src/ui/battle_screen.gd:8110"
"大防",,"src/ui/battle_screen.gd:4354, src/ui/battle_screen.gd:8111"
"天下十大奇物之一",,"src/battle/item_catalog.gd:666"
"天光长蚀",,"assets/data/heroes/h23.tres:11"
"天机不可泄露，但护甲和能量可以",,"src/battle/item_catalog.gd:688"
"天狗【狗】",,"assets/data/heroes/h23.tres:9"
"天狗【狗】的「波」或「大波」造成伤害时，等量降低敌方能量上限（最低到3点）。",,"assets/data/heroes/h23.tres:12"
"天罗·切换无效",,"src/ui/battle_screen.gd:2412"
"天罗地网",,"src/battle/item_catalog.gd:503"
"失败",,"src/ui/battle_screen.gd:2608, src/ui/components/battle_pve.gd:46"
"头像技能说明",,"src/ui/battle_screen.gd:4312"
"奔雷",,"assets/data/heroes/h19.tres:11"
"妖火",,"src/ui/battle_screen.gd:2328, src/battle/item_catalog.gd:185"
"娄金【狗】",,"assets/data/heroes/h11.tres:9"
"娄金【狗】出战时，敌方英雄切换下场后，该英雄受到2点真实伤害。",,"assets/data/heroes/h11.tres:12"
"字距",,"src/ui/battle_screen.gd:4296"
"孤锋锥",,"src/battle/item_catalog.gd:589"
"完整进度存档系统接入后启用",,"src/ui/boot_screen.tscn:907"
"定命丸",,"src/battle/item_catalog.gd:597"
"定身",,"src/ui/battle_screen.gd:2410"
"定身符",,"src/battle/item_catalog.gd:379"
"定身：切换无效（剩余%d回合）",,"src/ui/battle_screen.gd:4694"
"室火【猪】",,"assets/data/heroes/h12.tres:9"
"室火【猪】每受到 1 点伤害，获得 0.5 点能量。",,"assets/data/heroes/h12.tres:12"
"寄存牌",,"src/battle/item_catalog.gd:552"
"对敌方出战英雄造成1点伤害。",,"src/battle/item_catalog.gd:143"
"对敌方出战英雄造成2点伤害。",,"src/battle/item_catalog.gd:270"
"寻星坠",,"src/battle/item_catalog.gd:262"
"封印卷轴",,"src/battle/item_catalog.gd:483"
"封脉针",,"src/battle/item_catalog.gd:391"
"将我方与敌方的能量，道具栏整体对调。",,"src/battle/item_catalog.gd:508"
"将本回合行动的能量消耗改为消耗生命",,"src/ui/battle_screen.gd:5230"
"将本次「大波」改为连续两次「波」",,"src/ui/battle_screen.gd:5252"
"尾后针",,"src/battle/item_catalog.gd:475"
"尾火【虎】",,"assets/data/heroes/h03.tres:9"
"尾火【虎】每失去2点生命，攻击伤害增加1点。",,"assets/data/heroes/h03.tres:12"
"尾火【虎】的上一副护手，每挥一拳都能回本",,"src/battle/item_catalog.gd:686"
"帧率上限",,"src/ui/components/settings_panel.gd:273"
"平局",,"src/ui/battle_screen.gd:2602"
"平局 → 加时赛！",,"src/ui/battle_screen.gd:2643"
"并封【猪】",,"assets/data/heroes/h24.tres:9"
"并封【猪】在队时，我方可以降低1点能量上限，使本回合所有行动少消耗1点能量（最低到3点）。",,"assets/data/heroes/h24.tres:12"
"广寒【兔】",,"assets/data/heroes/h16.tres:9"
"应急箱",,"src/battle/item_catalog.gd:572"
"建档 · %s",,"src/ui/profile_screen.gd:303"
"开启",,"src/ui/components/settings_panel.gd:551"
"开始游戏",,"src/ui/boot_screen.tscn:888"
"归营牌",,"src/battle/item_catalog.gd:351"
"归营牌：下次切换时换下英雄回复%s点生命",,"src/ui/battle_screen.gd:4704"
"当前能量 %s / 上限 %s",,"src/ui/battle_screen.gd:6045, src/ui/battle_screen.gd:6046"
"影狩",,"assets/data/heroes/h11.tres:11"
"待抽取道具",,"src/ui/battle_screen.gd:5271"
"得能护符",,"src/battle/item_catalog.gd:218"
"心脏掌握魔法",,"src/battle/item_catalog.gd:285"
"急救铃",,"src/battle/item_catalog.gd:234"
"总音量",,"src/ui/components/settings_panel.gd:251"
"恢复默认",,"src/ui/components/settings_panel.gd:103"
"息灵铃",,"src/battle/item_catalog.gd:609"
"惊蛰",,"assets/data/heroes/h21.tres:12"
"惊蛰·行动取消",,"src/ui/battle_screen.gd:2403"
"愿望单",,"src/ui/components/boot_menu_controller.gd:81"
"愿望单链接待配置",,"src/ui/boot_screen.tscn:928"
"我方",,"src/ui/battle_screen.gd:4355"
"我方下一次「大波」额外增加1点伤害。",,"src/battle/item_catalog.gd:76"
"我方下一次「波」增加1点伤害。",,"src/battle/item_catalog.gd:56"
"我方下一次「防」改为「大防」。",,"src/battle/item_catalog.gd:80"
"我方下一次切换时，换下的英雄回复2点生命。",,"src/battle/item_catalog.gd:352"
"我方下一次攻击可以指定任意一名存活敌人。",,"src/battle/item_catalog.gd:104"
"我方下一次攻击多造成1点伤害。",,"src/battle/item_catalog.gd:96"
"我方出战英雄回复1点生命。",,"src/battle/item_catalog.gd:168"
"我方出战英雄回复2点生命。",,"src/battle/item_catalog.gd:64, src/battle/item_catalog.gd:340"
"我方出战英雄回复3点生命。",,"src/battle/item_catalog.gd:430"
"我方出战英雄失去1点护甲，获得1点能量。",,"src/battle/item_catalog.gd:116"
"我方出战英雄失去1点生命，生命最低的另一名存活英雄回复2点生命。",,"src/battle/item_catalog.gd:251"
"我方出战英雄的生命不足3点时，回复至3点。",,"src/battle/item_catalog.gd:598"
"我方出战英雄获得1点护甲。",,"src/battle/item_catalog.gd:160"
"我方出战英雄获得2点护甲。",,"src/battle/item_catalog.gd:60, src/battle/item_catalog.gd:311"
"我方接下来3次切换时，对敌方出战英雄造成1点伤害，切换登场的英雄获得1点护甲。",,"src/battle/item_catalog.gd:496"
"我方接下来3次成功防御时，出战英雄获得等同于该攻击总伤害的护甲。",,"src/battle/item_catalog.gd:452"
"我方接下来3次攻击若命中，由命中触发的英雄技能各额外触发1次。",,"src/battle/item_catalog.gd:444"
"我方接下来引爆毒素时，每层毒素伤害额外增加1点。",,"src/battle/item_catalog.gd:500"
"我方每次攻击命中，积累1点剑气。可消耗全部剑气强化攻击。（2点穿防，4点穿大防）",,"assets/data/heroes/h10.tres:13"
"我方立即获得3点能量，下回合开始时失去1点能量。",,"src/battle/item_catalog.gd:488"
"我方立即获得4点能量。",,"src/battle/item_catalog.gd:434"
"我方能量补满，然后出战英雄的生命降至1点。",,"src/battle/item_catalog.gd:540"
"我方道具栏对敌方隐藏，直到我方使用一件道具。",,"src/battle/item_catalog.gd:404"
"我要打十个！",,"src/battle/item_catalog.gd:695"
"战争号角",,"src/battle/item_catalog.gd:96"
"房日【兔】",,"assets/data/heroes/h04.tres:9"
"房日【兔】的攻击可以指定任意一名敌方英雄。",,"assets/data/heroes/h04.tres:12"
"打开背包",,"src/ui/battle_screen.gd:4603"
"扭曲的饥渴",,"src/battle/item_catalog.gd:408"
"承露盏",,"src/battle/item_catalog.gd:580"
"技能",,"src/ui/battle_screen.gd:670, src/ui/battle_screen.gd:3124, src/ui/battle_screen.gd:8113"
"把你的心给我~把你的爱给我~~",,"src/battle/item_catalog.gd:641"
"护甲",,"src/ui/battle_screen.gd:4354, src/ui/effect_text_formatter.gd:20"
"护甲-%s",,"src/ui/battle_screen.gd:2360, src/ui/battle_screen.gd:2570"
"护阵钉",,"src/battle/item_catalog.gd:330"
"抱歉，这里没有幸运币",,"src/battle/item_catalog.gd:649"
"抵挡「波」",,"src/ui/battle_screen.gd:5217"
"抵挡「波」、「大波」",,"src/ui/battle_screen.gd:5219"
"抵锋扣",,"src/battle/item_catalog.gd:293"
"押注敌方一件可使用的道具；本回合其若被使用，我方获得2点能量。",,"src/battle/item_catalog.gd:561"
"押物票",,"src/battle/item_catalog.gd:560"
"抽取道具（3 选 1）",,"src/ui/battle_screen.gd:5796, src/ui/components/item_draft_popup.gd:70"
"招魂幡",,"src/battle/item_catalog.gd:519"
"指定敌方一名队友，立即打断并替换敌方出战英雄。",,"src/ui/battle_screen.gd:5234, assets/data/heroes/h21.tres:13"
"挡",,"src/ui/battle_screen.gd:7605"
"换命契",,"src/battle/item_catalog.gd:535"
"换签筒",,"src/battle/item_catalog.gd:576"
"换签筒：选择替换道具（%d 选 1）",,"src/ui/battle_screen.gd:5691"
"换防扣",,"src/battle/item_catalog.gd:226"
"据说原主人已经戒血了",,"src/battle/item_catalog.gd:683"
"接着蓄力就好",,"src/battle/item_catalog.gd:667"
"接，化，发！",,"src/battle/item_catalog.gd:684"
"揪",,"src/ui/battle_screen.gd:2939"
"搜索...",,"src/ui/codex_screen.gd:61, src/ui/components/codex_search_curved_text.gd:124, src/ui/codex_screen.tscn:912"
"攒",,"src/ui/battle_screen.gd:8107"
"改名",,"src/ui/profile_screen.gd:292"
"攻",,"src/ui/battle_screen.gd:2942"
"效果",,"src/ui/codex_screen.tscn:344, src/ui/components/effect_gallery_entry.tscn:89"
"效果稳定，没兑水",,"src/battle/item_catalog.gd:663"
"敌方",,"src/ui/battle_screen.gd:4355"
"敌方下一次攻击命中我方时，攻击者受到1点伤害。",,"src/battle/item_catalog.gd:108"
"敌方下一次攻击少造成1点伤害。",,"src/battle/item_catalog.gd:100"
"敌方下回合使用的第一件道具无效。",,"src/battle/item_catalog.gd:484"
"敌方出战英雄失去2点护甲。",,"src/battle/item_catalog.gd:88"
"敌方出战英雄获得3层脆弱。",,"src/battle/item_catalog.gd:375"
"敌方序列：",,"src/ui/battle_screen.gd:2003"
"敌方序列：无",,"src/ui/battle_screen.gd:1996"
"散契钟",,"src/battle/item_catalog.gd:515"
"断招",,"src/ui/battle_screen.gd:2399"
"无处可逃",,"src/battle/item_catalog.gd:681"
"无我亦无穷",,"assets/data/heroes/h17.tres:12"
"无敌是多么寂寞",,"src/battle/item_catalog.gd:632"
"时滞枷锁",,"src/battle/item_catalog.gd:399"
"星日【马】",,"assets/data/heroes/h07.tres:9"
"是我变成了你，还是你变成了我",,"src/battle/item_catalog.gd:691"
"昴日【鸡】",,"assets/data/heroes/h10.tres:8"
"显示",,"src/ui/components/settings_panel.gd:10"
"显示或隐藏测试按钮",,"src/ui/battle_screen.gd:6523"
"显示模式",,"src/ui/components/settings_panel.gd:263"
"普通",,"src/ui/item_gallery_screen.gd:15, src/ui/codex_screen.tscn:429, src/ui/item_gallery_screen.tscn:369"
"普通治疗药水",,"src/battle/item_catalog.gd:64"
"普通法力药水",,"src/battle/item_catalog.gd:360"
"普通生命药水",,"src/battle/item_catalog.gd:339"
"普通魔力药水",,"src/battle/item_catalog.gd:84"
"暂无技能说明",,"src/ui/battle_screen.gd:4651"
"暖玉",,"src/battle/item_catalog.gd:343"
"暗潮",,"assets/data/heroes/h13.tres:12"
"更换头像",,"src/ui/profile_screen.gd:430"
"替身-%s",,"src/ui/battle_screen.gd:2363"
"替身草人",,"src/battle/item_catalog.gd:465"
"最后一箭",,"src/battle/item_catalog.gd:205"
"未知目标",,"src/ui/battle_screen.gd:2034"
"末日火种",,"src/battle/item_catalog.gd:511"
"末日火种：残局攻击与防御强化已生效",,"src/ui/battle_screen.gd:4749"
"末日火种：等待我方仅剩1名英雄",,"src/ui/battle_screen.gd:4751"
"本回合内，双方只有首件道具生效。",,"src/battle/item_catalog.gd:602"
"本回合内，双方所有英雄技能无效。",,"src/battle/item_catalog.gd:610"
"本回合内，双方无法回复生命。",,"src/battle/item_catalog.gd:392"
"本回合内，双方每次攻击的总伤害最多为1点。",,"src/battle/item_catalog.gd:388"
"本回合内，反制敌方对我方使用的第一件道具。",,"src/battle/item_catalog.gd:319"
"本回合内，我方「大波」少消耗2点能量。",,"src/battle/item_catalog.gd:365"
"本回合内，我方「大波」的基础伤害翻倍；若该「大波」被「大防」挡下，我方下回合无法行动。",,"src/battle/item_catalog.gd:418"
"本回合内，我方「波」和「大波」的伤害增加2点，本回合结束我方出战英雄死亡。",,"src/battle/item_catalog.gd:290"
"本回合内，我方「波」若命中，下回合第一次「大波」不消耗能量。",,"src/battle/item_catalog.gd:426"
"本回合内，我方下一次「波」可以指定任意一名敌方英雄，但总伤害减少0.5点。",,"src/battle/item_catalog.gd:263"
"本回合内，我方下一次「波」的总伤害增加1点并穿防。",,"src/battle/item_catalog.gd:282"
"本回合内，我方下一次「波」被成功防御时，出战英雄获得1.5点护甲。",,"src/battle/item_catalog.gd:243"
"本回合内，我方下一次攻击命中时，我方所有存活英雄各回复1点生命。",,"src/battle/item_catalog.gd:409"
"本回合内，我方下一次攻击命中时，生命最低的存活英雄回复1点生命。",,"src/battle/item_catalog.gd:235"
"本回合内，我方下一次攻击命中时，获得1.5点能量。",,"src/battle/item_catalog.gd:413"
"本回合内，我方下一次攻击改为造成真实伤害。",,"src/battle/item_catalog.gd:286"
"本回合内，我方下一次攻击时，若出战英雄生命不超过1点，该攻击的总伤害增加3点并穿大防。",,"src/battle/item_catalog.gd:422"
"本回合内，我方下一次攻击的总伤害增加1.5点；若这次攻击没有击败目标，我方出战英雄失去1点生命。",,"src/battle/item_catalog.gd:206"
"本回合内，我方下一次攻击的总伤害增加1点；由命中触发的英雄技能额外触发1次。",,"src/battle/item_catalog.gd:274"
"本回合内，我方下一次攻击造成的伤害增加1点。",,"src/battle/item_catalog.gd:147"
"本回合内，我方下一次攻击造成的伤害增加2点，或使敌方下一次攻击造成的伤害增加2点。",,"src/battle/item_catalog.gd:151"
"本回合内，我方依次执行两个不同的行动（不含切换和英雄技能）。",,"src/battle/item_catalog.gd:524"
"本回合内，我方出战英雄受到的下一次伤害中，1点改由生命最高的另一名存活队友承受。",,"src/battle/item_catalog.gd:223"
"本回合内，我方出战英雄受到的下一次攻击伤害由我方所有存活英雄平均承受。",,"src/battle/item_catalog.gd:323"
"本回合内，我方出战英雄若死亡，下一名登场英雄获得2点护甲。",,"src/battle/item_catalog.gd:247"
"本回合内，我方出战英雄若死亡，对当时的敌方出战英雄造成2点伤害。",,"src/battle/item_catalog.gd:476"
"本回合内，我方切换后，敌方本回合攻击落空。",,"src/battle/item_catalog.gd:466"
"本回合内，我方切换后，登场英雄获得1点护甲。",,"src/battle/item_catalog.gd:227"
"本回合内，我方所有生命回复改为获得等量护甲。",,"src/battle/item_catalog.gd:348"
"本回合内，我方溢出的生命回复转为等量能量。",,"src/battle/item_catalog.gd:581"
"本回合内，我方用「大防」挡下「波」时，敌方失去1点能量。",,"src/battle/item_catalog.gd:239"
"本回合内，我方第一次获得非回合被动能量时，出战英雄获得1点护甲。",,"src/battle/item_catalog.gd:219"
"本回合内，我方若「切换」，下回合第一次攻击的总伤害增加1.5点。",,"src/battle/item_catalog.gd:214"
"本回合内，我方获得的溢出能量转为回复生命最低的存活英雄。",,"src/battle/item_catalog.gd:585"
"本回合内，我方行动若正好耗尽能量，行动结算后获得2点能量。",,"src/battle/item_catalog.gd:622"
"本回合内，敌方「波」无法对我方造成伤害，但其「大波」的总伤害增加2点。",,"src/battle/item_catalog.gd:606"
"本回合内，敌方切换后，换下的英雄受到1点伤害。",,"src/battle/item_catalog.gd:255"
"本回合内，敌方对我方施加的第一个非伤害道具效果无效。",,"src/battle/item_catalog.gd:210"
"本回合内，敌方由「波」或「大波」命中触发的英雄技能无效。",,"src/battle/item_catalog.gd:384"
"本回合内，敌方的「防」「大防」降低一级。",,"src/battle/item_catalog.gd:278"
"本回合内，敌方的首件道具和「切换」无效。",,"src/battle/item_catalog.gd:504"
"本回合内，若成功防御，我方所有存活英雄各回复1点生命。",,"src/battle/item_catalog.gd:344"
"本回合内，若成功防御，我方获得1点能量。",,"src/battle/item_catalog.gd:200"
"本回合内，若我方使用「攒」，我方额外获得1点能量。",,"src/battle/item_catalog.gd:181"
"本回合内，若我方使用「攒」，我方额外获得2点能量。",,"src/battle/item_catalog.gd:361"
"本回合内，若敌方使用「防」，我方「波」的伤害增加1点并穿防。",,"src/battle/item_catalog.gd:155"
"本回合内，若敌方攻击，我方出战英雄存活获得1.5点护甲。",,"src/battle/item_catalog.gd:164"
"本回合内，若敌方攻击，我方出战英雄获得1点护甲；否则我方获得1点能量。",,"src/battle/item_catalog.gd:176"
"本回合内，若敌方攻击，该攻击的总伤害减少1点。",,"src/battle/item_catalog.gd:191"
"本回合内，若敌方本回合使用「大波」且我方使用「防」，该「防」可以挡下这次「大波」。",,"src/battle/item_catalog.gd:172"
"本回合取得道具（3选1）",,"src/ui/battle_screen.gd:5743"
"本回合我方下一次攻击命中后，使敌方生命最低的未出战英雄登场。",,"src/battle/item_catalog.gd:306"
"本回合无敌。",,"src/battle/item_catalog.gd:470"
"本回合的下次攻击命中时，我方出战英雄回复等同于伤害的生命。",,"src/battle/item_catalog.gd:196"
"本回合结束时，双方烧掉所有仍可使用的道具；每烧掉1件，所属玩家获得1点能量。",,"src/battle/item_catalog.gd:544"
"本回合起的3回合内，我方出战英雄每回合回复1.5点生命。",,"src/battle/item_catalog.gd:456"
"本回合起的3回合内，我方每回合额外获得1.5点能量。",,"src/battle/item_catalog.gd:460"
"本回合，我方消耗的能量改为消耗蚩尤【牛】的血量。",,"assets/data/heroes/h14.tres:13"
"枭阳【猴】",,"assets/data/heroes/h21.tres:9"
"梦蝶",,"src/battle/item_catalog.gd:507"
"模式",,"src/ui/components/mode_card.gd:48"
"步虚无有乡",,"assets/data/heroes/h01.tres:11"
"死神说一粒能续一命，但没说续的只是一口气",,"src/battle/item_catalog.gd:653"
"残缺的佛像",,"src/battle/item_catalog.gd:171"
"每回合一次，星日【马】的切换不占用行动，且登场时对敌方造成0.5点伤害。",,"assets/data/heroes/h07.tres:12"
"毒爆",,"src/ui/battle_screen.gd:2351"
"毒药瓶",,"src/battle/item_catalog.gd:370"
"毕方【鸡】",,"assets/data/heroes/h22.tres:9"
"没打进",,"src/ui/components/battle_fx.gd:52"
"没搜到...",,"src/ui/codex_screen.gd:696"
"没有找到对应的结果...",,"src/ui/codex_screen.gd:697, src/ui/codex_screen.tscn:802"
"没有足够空间",,"src/ui/warehouse_screen.gd:183"
"波",,"src/ui/battle_screen.gd:8108"
"测试",,"src/ui/battle_screen.gd:6516"
"消耗全部剑气强化攻击。（2点穿防，4点穿大防）",,"src/ui/battle_screen.gd:5248"
"清囊火盆",,"src/battle/item_catalog.gd:543"
"清除双方所有由攻击命中产生、尚未结算的英雄技能效果。",,"src/battle/item_catalog.gd:614"
"清除我方出战英雄的毒素；若没有毒素则清除脆弱。成功清除后，其回复1点生命。",,"src/battle/item_catalog.gd:259"
"温馨提示：不要让噬铁虫靠近您自己的护甲",,"src/battle/item_catalog.gd:639"
"游丝引",,"assets/data/heroes/h18.tres:12"
"游戏",,"src/ui/components/settings_panel.gd:10"
"灵感源自一位大海盗",,"src/battle/item_catalog.gd:685"
"点击取得道具（3选1·免费）",,"src/ui/battle_screen.gd:5285"
"点击头像可更换",,"src/ui/profile_screen.gd:270"
"点击抽取道具（3选1·免费）",,"src/ui/battle_screen.gd:5273"
"点击补充道具（3选1·消耗%s点能量）",,"src/ui/battle_screen.gd:5288"
"点将鼓",,"src/battle/item_catalog.gd:305"
"点燃敌方出战英雄，下回合结束前，若该英雄仍在场上则失去1.5点生命。",,"src/battle/item_catalog.gd:186"
"点石成金，可惜点不了第二次",,"src/battle/item_catalog.gd:698"
"点金石",,"src/battle/item_catalog.gd:491"
"点金石：选择传说道具（3 选 1）",,"src/ui/battle_screen.gd:5689"
"炼金坩埚",,"src/battle/item_catalog.gd:116"
"烛阴【龙】",,"assets/data/heroes/h17.tres:9"
"烛阴【龙】转变为敌方当前出战英雄。",,"assets/data/heroes/h17.tres:13"
"焚天火兆",,"assets/data/heroes/h22.tres:12"
"爆裂卷轴",,"src/battle/item_catalog.gd:364"
"牛金【牛】",,"assets/data/heroes/h02.tres:9"
"牛金【牛】成功防御时，我方下一次的「波」升级为「大波」。",,"assets/data/heroes/h02.tres:12"
"独占全屏",,"src/ui/components/settings_panel.gd:27"
"独用封",,"src/battle/item_catalog.gd:601"
"猎物印记",,"src/battle/item_catalog.gd:374"
"猎鹰羽毛",,"src/battle/item_catalog.gd:104"
"玄冥【鼠】",,"assets/data/heroes/h13.tres:9"
"玄冥【鼠】的「大波」可以改为连续两次「波」。",,"assets/data/heroes/h13.tres:13"
"玄金不动相",,"assets/data/heroes/h02.tres:11"
"玩家1",,"src/ui/battle_screen_base.tscn:495"
"玩家2",,"src/ui/battle_screen_base.tscn:645"
"瓶装能量",,"src/battle/item_catalog.gd:68"
"生命",,"src/ui/battle_screen.gd:4354"
"生命-%s",,"src/ui/battle_screen.gd:2372"
"生锈的暗器",,"src/battle/item_catalog.gd:142"
"生锈的飞镖",,"src/battle/item_catalog.gd:56"
"画面震动",,"src/ui/components/settings_panel.gd:279"
"白虹",,"assets/data/heroes/h16.tres:11"
"白额雷音",,"assets/data/heroes/h03.tres:11"
"百分之百自动好评！",,"src/battle/item_catalog.gd:675"
"盗版太极图",,"src/battle/item_catalog.gd:199"
"直到下回合结束，敌方的切换无效。",,"src/battle/item_catalog.gd:380"
"直到对局结束，每回合结束时，若我方道具栏有空位，随机补入1件普通道具。",,"src/battle/item_catalog.gd:528"
"直到本局结束，使用该道具的英雄免疫1次致命伤害。每名英雄限用1次。",,"src/battle/item_catalog.gd:315"
"相柳【蛇】",,"assets/data/heroes/h18.tres:9"
"相柳【蛇】出战时，双方「波」与「大波」的基础伤害均视为1点。",,"assets/data/heroes/h18.tres:13"
"盾狗",,"src/battle/item_catalog.gd:652"
"短柄铁钩",,"src/battle/item_catalog.gd:88"
"破旧的护甲",,"src/battle/item_catalog.gd:159"
"破甲",,"src/ui/battle_screen.gd:2369"
"破魔矢",,"src/battle/item_catalog.gd:281"
"破魔铃",,"src/battle/item_catalog.gd:129"
"确定",,"src/ui/components/pause_menu_overlay.gd:121"
"确定退出游戏？",,"src/ui/components/pause_menu_overlay.gd:113"
"神打",,"assets/data/heroes/h06.tres:11"
"祸兮福倚",,"assets/data/heroes/h12.tres:11"
"秘银充能护手",,"src/battle/item_catalog.gd:412"
"移甲环",,"src/battle/item_catalog.gd:326"
"移除我方出战英雄至多2点护甲；本回合内，我方下一次攻击的总伤害增加等量。",,"src/battle/item_catalog.gd:294"
"稀有",,"src/ui/item_gallery_screen.gd:15, src/ui/codex_screen.tscn:539"
"穷奇【虎】",,"assets/data/heroes/h15.tres:9"
"穷奇【虎】的「波」穿防，但无法使用「防」和「大防」。",,"assets/data/heroes/h15.tres:12"
"空格",,"src/ui/components/backpack_grid_view.gd:63, src/ui/components/backpack_grid_view.gd:64"
"空槽",,"src/ui/battle_screen.gd:5282, src/ui/battle_screen.gd:5286"
"空槽（补充需%s点能量）",,"src/ui/battle_screen.gd:5289"
"穿大防",,"src/ui/effect_text_formatter.gd:22"
"穿防",,"src/ui/effect_text_formatter.gd:21"
"窗口化",,"src/ui/components/settings_panel.gd:25, src/ui/components/settings_panel.gd:547"
"立即获得6点能量；下回合我方无法行动。",,"src/battle/item_catalog.gd:532"
"第%d回合自动解锁",,"src/ui/battle_screen.gd:5268"
"等待",,"src/ui/battle_screen.gd:2028"
"简易治愈法杖",,"src/battle/item_catalog.gd:92"
"算命铜钱",,"src/battle/item_catalog.gd:175"
"紫火【猴】",,"assets/data/heroes/h09.tres:9"
"紫火【猴】从来没用定身符偷吃桃子，从来没有，这是原则问题",,"src/battle/item_catalog.gd:680"
"紫火【猴】对敌方造成伤害时，移除敌方等量的能量。",,"assets/data/heroes/h09.tres:12"
"红淡了",,"src/ui/components/hero_frame.gd:17"
"纳盈葫芦",,"src/battle/item_catalog.gd:584"
"结束",,"src/ui/battle_screen.gd:671, src/ui/battle_screen_base.tscn:1032"
"结束双方所有已生效的道具效果。",,"src/battle/item_catalog.gd:516"
"结束回合",,"src/ui/battle_screen.gd:4607"
"统一文字节奏",,"src/ui/battle_screen.gd:4298"
"继续游戏",,"src/ui/components/pause_menu_overlay.gd:92"
"续命香",,"src/battle/item_catalog.gd:455"
"续命香：剩余%d回合回复生命",,"src/ui/battle_screen.gd:4757"
"续阵旗",,"src/battle/item_catalog.gd:246"
"缚影索",,"src/battle/item_catalog.gd:297"
"罪已昭",,"assets/data/heroes/h20.tres:12"
"翼火【蛇】",,"assets/data/heroes/h06.tres:9"
"翼火【蛇】命中敌方英雄时，使其获得1层毒素。",,"assets/data/heroes/h06.tres:12"
"老板，这生命药水发绿是正常的吗？",,"src/battle/item_catalog.gd:656"
"耗尽我方全部能量，每1点能量对敌方出战英雄造成0.5点伤害并穿大防。",,"src/battle/item_catalog.gd:438"
"聚宝盆",,"src/battle/item_catalog.gd:527"
"聚宝盆：每回合结束时为空槽补入普通道具",,"src/ui/battle_screen.gd:4746"
"聚鼎三花",,"src/battle/item_catalog.gd:443"
"聚鼎三花：剩余%d次攻击附效",,"src/ui/battle_screen.gd:4744"
"肯定能在古董市场卖个好价钱",,"src/battle/item_catalog.gd:648"
"背包",,"src/ui/main_menu.gd:199"
"胜利的秘诀是守赢",,"src/battle/item_catalog.gd:654"
"胜利！",,"src/ui/battle_screen.gd:2605, src/ui/components/battle_pve.gd:46"
"能量",,"src/ui/battle_screen.gd:4354"
"能量上限-%s",,"src/ui/battle_screen.gd:2387"
"能量归零",,"src/ui/battle_screen.gd:2383, src/ui/battle_screen.gd:2384"
"脆弱",,"src/ui/battle_screen.gd:2357, src/ui/battle_screen.gd:2578"
"臭鸡蛋",,"src/battle/item_catalog.gd:190"
"至臻剑意",,"src/battle/item_catalog.gd:425"
"至臻剑意：本回合第一次「大波」不消耗能量",,"src/ui/battle_screen.gd:4711"
"若我方仅剩1名英雄存活，则其所有攻击额外造成1点伤害，所有防御额外获得1点护甲，直到对局结束。",,"src/battle/item_catalog.gd:512"
"英雄",,"src/ui/battle_screen.gd:4355, src/ui/codex_screen.tscn:188"
"英雄图鉴",,"src/ui/hero_gallery_screen.tscn:321"
"荆棘护腕",,"src/battle/item_catalog.gd:108"
"获得1点能量",,"src/ui/battle_screen.gd:5211"
"获得2点能量。",,"src/battle/item_catalog.gd:84"
"藤蔓陷阱",,"src/battle/item_catalog.gd:254"
"虚日【鼠】",,"assets/data/heroes/h01.tres:9"
"虚日【鼠】再三强调，这可不是M9刺刀（★） | 外表生锈",,"src/battle/item_catalog.gd:633"
"虚日【鼠】在场时，获得的能量增加 0.5 点（回合被动能量除外）。",,"assets/data/heroes/h01.tres:12"
"虚日【鼠】推荐，性价比之选",,"src/battle/item_catalog.gd:637"
"蚩尤【牛】",,"assets/data/heroes/h14.tres:9"
"蛋神神了",,"src/battle/item_catalog.gd:677"
"蜘蛛大师的得意之作，不得意的都进去了",,"src/battle/item_catalog.gd:697"
"血渡结",,"src/battle/item_catalog.gd:250"
"血铸荼蘼",,"assets/data/heroes/h14.tres:12"
"血魔的獠牙",,"src/battle/item_catalog.gd:195"
"行军药囊",,"src/battle/item_catalog.gd:355"
"袋装石灰粉",,"src/battle/item_catalog.gd:100"
"被动",,"src/ui/hero_gallery_screen.gd:552, src/ui/hero_gallery_screen.tscn:282"
"被动技能",,"src/ui/components/skill_card.tscn:174"
"被垫掉",,"src/ui/battle_screen.gd:488"
"被挡",,"src/ui/components/battle_fx.gd:344"
"解毒药水",,"src/battle/item_catalog.gd:258"
"触邪【羊】",,"assets/data/heroes/h20.tres:9"
"触邪【羊】攻击命中敌方英雄时，直到下回合结束，使其获得脆弱。",,"assets/data/heroes/h20.tres:13"
"警告：看见南天门和白玉京时请立即停止使用",,"src/battle/item_catalog.gd:645"
"设置",,"src/ui/components/pause_menu_overlay.gd:92, src/ui/components/settings_panel.gd:69"
"该位置放不下",,"src/ui/warehouse_screen.gd:208, src/ui/warehouse_screen.gd:215"
"读取存档",,"src/ui/boot_screen.tscn:909"
"读取存档功能待接入",,"src/ui/boot_screen.gd:48"
"谦谦君子，温润如玉",,"src/battle/item_catalog.gd:658"
"赊命券",,"src/battle/item_catalog.gd:531"
"赊命券：下回合无法行动",,"src/ui/battle_screen.gd:4716"
"赊命券：本回合无法行动",,"src/ui/battle_screen.gd:4714"
"赌徒的硬币",,"src/battle/item_catalog.gd:150"
"身份",,"src/ui/profile_screen.gd:216"
"转变为敌方当前出战英雄",,"src/ui/battle_screen.gd:5232"
"返回",,"src/ui/components/pause_menu_overlay.gd:125, src/ui/components/settings_panel.gd:110, src/ui/codex_screen.tscn:1035"
"还没完呢",,"src/battle/item_catalog.gd:643"
"还魂",,"src/ui/battle_screen.gd:2392, src/ui/battle_screen.gd:2580"
"还魂丹",,"src/battle/item_catalog.gd:314"
"还魂丹：可免疫1次致命伤害",,"src/ui/battle_screen.gd:4686"
"还魂丹：本局已使用",,"src/ui/battle_screen.gd:4688"
"这下更疼",,"src/ui/battle_screen.gd:487"
"这也是生命药水，相信我",,"src/battle/item_catalog.gd:673"
"这可封不了九只尾巴的大狐狸",,"src/battle/item_catalog.gd:678"
"这就是为什么鬼金【羊】不喜欢火焰魔法",,"src/battle/item_catalog.gd:672"
"远征",,"src/ui/main_menu.gd:102"
"连心结",,"src/battle/item_catalog.gd:112"
"连心锁",,"src/battle/item_catalog.gd:322"
"连环鼓",,"src/battle/item_catalog.gd:523"
"迷雾斗篷",,"src/battle/item_catalog.gd:403"
"迷雾斗篷：道具栏对敌方隐藏",,"src/ui/battle_screen.gd:4707"
"追击",,"src/ui/battle_screen.gd:6994"
"退出游戏",,"src/ui/components/pause_menu_overlay.gd:92, src/ui/boot_screen.tscn:950"
"选",,"src/ui/battle_screen.gd:5606"
"选择",,"src/ui/battle_screen.gd:435"
"选择出战英雄",,"src/ui/components/death_switch_overlay.gd:57"
"选择另一件可使用的普通道具，将其立即升级为传说道具。",,"src/battle/item_catalog.gd:492"
"选择另一件可使用的道具，将其随机放回背包，立即获得1点能量。",,"src/battle/item_catalog.gd:553"
"选择另一件可使用的道具；本回合它若被反制，则不消耗并随机放回背包。",,"src/battle/item_catalog.gd:569"
"选择另一件道具，将其随机放回背包，随后免费抽取一次道具。",,"src/battle/item_catalog.gd:577"
"选择并烧掉另一件可使用的道具，立即获得2点能量。",,"src/battle/item_catalog.gd:480"
"选择我方一名存活英雄，将我方全队的护甲转移给该英雄。",,"src/battle/item_catalog.gd:327"
"选择我方一名已死亡英雄，使其以1点生命复活并成为未出战英雄。",,"src/battle/item_catalog.gd:520"
"选择我方一名未出战英雄，交换其与出战英雄的当前生命和护甲。",,"src/battle/item_catalog.gd:536"
"选择我方一名未出战英雄，使其回复2点生命。",,"src/battle/item_catalog.gd:356"
"选择我方一名未出战英雄，使其获得2点护甲。",,"src/battle/item_catalog.gd:331"
"选择我方一名未出战英雄，本回合结束时令其登场。",,"src/battle/item_catalog.gd:231"
"选择我方一名未出战英雄；本回合我方下一次攻击命中时，也结算该英雄的「印记」。",,"src/battle/item_catalog.gd:302"
"选择我方一名未出战英雄；本回合敌方下一次攻击改以其为目标。",,"src/battle/item_catalog.gd:335"
"选择我方一名队友，与出战英雄交换位置。",,"src/battle/item_catalog.gd:72"
"选择我方一名队友，与出战英雄交换护甲。",,"src/battle/item_catalog.gd:112"
"选择我方一名队友，使其回复2点生命。",,"src/battle/item_catalog.gd:92"
"选择我方一名阵亡队友，使其以1点生命回到后备。",,"src/battle/item_catalog.gd:133"
"选择敌方一件可使用的道具；本回合结束时若仍未使用，将其锁定1回合。",,"src/battle/item_catalog.gd:594"
"选择敌方一件锁定中的道具，使其延迟1回合可用。",,"src/battle/item_catalog.gd:400"
"选择本场已经使用的一件普通道具，将1件同名临时道具随机放入背包。",,"src/battle/item_catalog.gd:565"
"选择道具",,"src/ui/battle_screen.gd:5694"
"造成1点伤害",,"src/ui/battle_screen.gd:5213"
"造成2点伤害",,"src/ui/battle_screen.gd:5215"
"道具",,"src/ui/battle_screen.gd:2011, src/ui/components/backpack_grid_view.gd:174, src/ui/codex_screen.tscn:266"
"道具图鉴",,"src/ui/item_gallery_screen.tscn:477"
"道具栏被迷雾遮蔽",,"src/ui/battle_screen.gd:5264"
"道具说明排版",,"src/ui/battle_screen.gd:4322"
"遗愿灯",,"src/battle/item_catalog.gd:617"
"那么，古XX，代价是什么呢...",,"src/battle/item_catalog.gd:679"
"酸液陶罐",,"src/battle/item_catalog.gd:124"
"银质护臂",,"src/battle/item_catalog.gd:60"
"银质穿甲箭",,"src/battle/item_catalog.gd:154"
"银质箭头，不错的选择",,"src/battle/item_catalog.gd:636"
"银鳞甲",,"src/battle/item_catalog.gd:80"
"锁定敌方出战英雄；本回合内，我方下一次攻击仍以该英雄为目标，即使其切换下场。",,"src/battle/item_catalog.gd:298"
"锁泉塞",,"src/battle/item_catalog.gd:395"
"锁泉塞：下回合无法获得能量",,"src/ui/battle_screen.gd:4700"
"锁泉塞：本回合无法获得能量",,"src/ui/battle_screen.gd:4698"
"锋利的飞镖",,"src/battle/item_catalog.gd:76, src/battle/item_catalog.gd:269"
"镇纹针",,"src/battle/item_catalog.gd:383"
"闪亮登场~",,"src/battle/item_catalog.gd:670"
"闪亮的魔晶",,"src/battle/item_catalog.gd:487"
"问题反馈",,"src/ui/components/boot_menu_controller.gd:90"
"问题反馈链接待配置",,"src/ui/boot_screen.tscn:1104"
"队友攻击命中时，立刻登场并追击同一目标1点伤害。",,"assets/data/heroes/h16.tres:12"
"防",,"src/ui/battle_screen.gd:8109"
"附加效果",,"src/ui/effect_text_formatter.gd:19, src/ui/effect_gallery_screen.tscn:161"
"降低1点能量上限，使本回合所有行动少消耗1点能量（最低到3点）",,"src/ui/battle_screen.gd:5256"
"随机揭示敌方背包中至多3件道具，直到本场战斗结束。",,"src/battle/item_catalog.gd:557"
"随身熔炉",,"src/battle/item_catalog.gd:479"
"青元宝莲",,"src/battle/item_catalog.gd:459"
"青元宝莲：剩余%d回合获得能量",,"src/ui/battle_screen.gd:4753"
"音乐",,"src/ui/components/settings_panel.gd:254"
"音效",,"src/ui/components/settings_panel.gd:257"
"飞洒天星",,"assets/data/heroes/h10.tres:12"
"食铁虫",,"src/battle/item_catalog.gd:120"
"鬼金【羊】",,"assets/data/heroes/h08.tres:9"
"鬼金【羊】做第一个咒符时手抖了，才有了第二个",,"src/battle/item_catalog.gd:638"
"鬼金【羊】的「大防」未挡到攻击时，由我方保留至下一回合结束。",,"assets/data/heroes/h08.tres:12"
"魇镇八极",,"assets/data/heroes/h15.tres:11"
"鹤顶红",,"src/battle/item_catalog.gd:499"
"鹤顶红：下次毒爆每层+1伤害（剩余%d次）",,"src/ui/battle_screen.gd:4742"
"龙御极",,"assets/data/heroes/h05.tres:12"
"龙息",,"src/battle/item_catalog.gd:417"
"（《【「『〈［〔〖〘〚‘“([{",,"src/ui/effect_text_formatter.gd:35"
